sweep	Rg2	Re2	E_total	acc_hinge	acc_ntail	acc_ctail
5	263.1412899400642	1593.4931144727675	2337000000.0	0.258125	0.39375	0.54375
10	263.0500752002854	1547.1911054445598	2336000000.0	0.2615625	0.4046875	0.5421875
15	265.26762970346147	1569.8812038145768	2334000000.0	0.25958333333333333	0.39791666666666664	0.5479166666666667
20	263.8978997028423	1594.4524661421865	2331000000.0	0.263125	0.4015625	0.55
25	263.2512344701365	1558.00791457915	2330000000.0	0.262875	0.3975	0.54625
30	263.8121221265267	1518.9227076841148	2330000000.0	0.260625	0.4010416666666667	0.5489583333333333
35	261.6840476836157	1531.9332446602475	2330000000.0	0.2598214285714286	0.39732142857142855	0.553125
40	261.76756408946085	1505.690486235665	2330000000.0	0.258828125	0.401171875	0.55
45	259.53469082765207	1469.0650453288595	2328000000.0	0.2579166666666667	0.4	0.5496527777777778
50	264.82601544594394	1572.4742183734656	2326000000.0	0.2573125	0.4046875	0.55
55	259.5577754267372	1429.1226677242219	2326000000.0	0.25517045454545456	0.40397727272727274	0.5522727272727272
60	261.0716083722539	1599.3401442913378	2325000000.0	0.25473958333333335	0.4049479166666667	0.5549479166666667
65	263.4181728268507	1586.3541628881746	2324000000.0	0.2545192307692308	0.4081730769230769	0.5579326923076923
70	262.53953467445353	1570.3206879133222	2323000000.0	0.25486607142857143	0.4095982142857143	0.5573660714285714
75	262.6184121869594	1605.4329790027632	2323000000.0	0.25375	0.4091666666666667	0.5560416666666667
80	262.6048394833993	1536.8764502008685	2322000000.0	0.254375	0.4103515625	0.5568359375
85	263.3587489935504	1551.551630191107	2322000000.0	0.25378676470588235	0.4113970588235294	0.555514705882353
90	258.0345433277262	1475.2565677610705	2320000000.0	0.25461805555555556	0.40850694444444446	0.5560763888888889
95	259.15759590450745	1423.8684383585191	2320000000.0	0.25467105263157896	0.4080592105263158	0.5557565789473684
100	259.375577065709	1495.2963931110774	2320000000.0	0.255	0.40875	0.5565625
