sweep	wall_ms	kernel_ms
1	66.38890001340769	0.0
2	55.86000002222136	0.0
3	55.48000000999309	0.0
4	56.12660001497716	0.0
5	55.67820000578649	0.0
6	49.7414999990724	0.0
7	48.62000001594424	0.0
8	48.96069999085739	0.0
9	48.121700005140156	0.0
10	49.08530000830069	0.0
11	48.690900002839044	0.0
12	48.29630002495833	0.0
13	48.59270001179539	0.0
14	48.48379999748431	0.0
15	49.676099995849654	0.0
16	48.720399994635954	0.0
17	48.51210000924766	0.0
18	49.12709997734055	0.0
19	48.24229999212548	0.0
20	49.55929997959174	0.0
21	48.78179999650456	0.0
22	49.06630000914447	0.0
23	48.522000026423484	0.0
24	48.49320001085289	0.0
25	48.865699995076284	0.0
26	50.13320001307875	0.0
27	48.050699988380075	0.0
28	48.92450000625104	0.0
29	48.444899992318824	0.0
30	48.20809999364428	0.0
31	49.71980000846088	0.0
32	48.75670000910759	0.0
33	49.26450000493787	0.0
34	49.61469999398105	0.0
35	49.69200000050478	0.0
36	49.30290000629611	0.0
37	48.7176000024192	0.0
38	47.840299987001345	0.0
39	49.3170999980066	0.0
40	48.08229999616742	0.0
41	48.43989998335019	0.0
42	47.91699998895638	0.0
43	51.37159998412244	0.0
44	48.05000001215376	0.0
45	48.920200002612546	0.0
46	48.358599975472316	0.0
47	48.086099995998666	0.0
48	48.68229999556206	0.0
49	49.982600001385435	0.0
50	48.67530000046827	0.0
51	48.896599997533485	0.0
52	48.5626999870874	0.0
53	48.29929998959415	0.0
54	47.93629999039695	0.0
55	48.63349997322075	0.0
56	48.74299999210052	0.0
57	48.48060000222176	0.0
58	48.74599998584017	0.0
59	48.60149999149144	0.0
60	48.27810000278987	0.0
61	49.09620000398718	0.0
62	47.92219999944791	0.0
63	48.772400012239814	0.0
64	48.22369999601506	0.0
65	49.06320001464337	0.0
66	48.00660000182688	0.0
67	48.75409998930991	0.0
68	48.26460001640953	0.0
69	48.60700000426732	0.0
70	48.25409999466501	0.0
71	48.63839998142794	0.0
72	48.86069998610765	0.0
73	48.33580000558868	0.0
74	48.515899979975075	0.0
75	48.040199995739385	0.0
76	48.74879997805692	0.0
77	49.720599985448644	0.0
78	47.98180001671426	0.0
79	48.40820000390522	0.0
80	48.08829998364672	0.0
81	49.41010000766255	0.0
82	48.80749998847023	0.0
83	48.21780000929721	0.0
84	48.27909998130053	0.0
85	48.06859997916035	0.0
86	48.495299997739494	0.0
87	47.66489999019541	0.0
88	49.49790000682697	0.0
89	49.46339997695759	0.0
90	48.80460002459586	0.0
91	48.01919998135418	0.0
92	49.49149998719804	0.0
93	48.348600015742704	0.0
94	48.81989999557845	0.0
95	50.82970001967624	0.0
96	47.834400000283495	0.0
97	48.12059999676421	0.0
98	48.225300008198246	0.0
99	49.71769999247044	0.0
100	47.7004999993369	0.0
